Date,Apple Return,Dell Return,IBM Return,Microsoft Return,Value-weighted Market Return,SP 500 Return,"Price, Dell","Price, Apple","Price, IBM","Price, Microsoft",Calendar Date
1990.04167,-0.035461,-0.1590909,0.04780877,0.06321839,-0.070115,-0.068817,4.625,34,98.625,92.5,19900131
1990.125,0.003235,0.35135135,0.06550063,0.06756756,0.014901,0.008539,6.25,34,103.875,98.75,19900228
1990.20833,0.183824,0.22,0.02166065,0.12151898,0.02414,0.024255,7.625,40.25,106.125,110.75,19900330
1990.29167,-0.021739,0.1147541,0.02709069,0.04740406,-0.028286,-0.026887,8.5,39.375,109,58,19900430
1990.375,0.050413,0.29411766,0.11201835,0.25862068,0.088936,0.091989,11,41.25,120,73,19900531
1990.45833,0.084848,0.14772727,-0.0208333,0.04109589,-0.004196,-0.008886,12.625,44.75,117.5,76,19900629
1990.54167,-0.061453,-0.0693069,-0.0510638,-0.125,-0.009405,-0.005223,11.75,42,111.5,66.5,19900731
1990.625,-0.116429,0,-0.0754709,-0.075188,-0.091896,-0.094314,11.75,37,101.875,61.5,19900831
1990.70833,-0.216216,-0.2553191,0.04417178,0.02439024,-0.053843,-0.051184,8.75,29,106.375,63,19900928
1990.79167,0.060345,0.21428572,-0.0094007,0.01190476,-0.012504,-0.006698,10.625,30.75,105.375,63.75,19901031
1990.875,0.199024,0.23529412,0.08977462,0.13333334,0.065744,0.059934,13.125,36.75,113.625,72.25,19901130
1990.95833,0.170068,0.40952381,-0.0055006,0.04152249,0.029513,0.024828,18.5,43,113,75.25,19901231
1991.04167,0.290698,0.22297297,0.12168141,0.3039867,0.049078,0.041518,22.625,55.5,126.75,98.125,19910131
1991.125,0.033694,0.1160221,0.02532544,0.05732484,0.075847,0.067281,25.25,57.25,128.75,103.75,19910228
1991.20833,0.187773,0.12871288,-0.115534,0.02289157,0.028923,0.022203,28.5,68,113.875,106.125,19910328
1991.29167,-0.191176,-0.1798246,-0.0954994,-0.0671378,0.003322,0.000346,23.375,55,103,99,19910430
1991.375,-0.143273,0.05882353,0.04208738,0.10858586,0.040732,0.038577,24.75,47,106.125,109.75,19910531
1991.45833,-0.117021,-0.010101,-0.0848057,-0.0689066,-0.044029,-0.047893,24.5,41.5,97.125,68.125,19910628
1991.54167,0.114458,0.17346939,0.04247104,0.07889909,0.046795,0.044859,28.75,46.25,101.25,73.5,19910731
1991.625,0.148541,0.13478261,-0.0312593,0.15986395,0.026819,0.019649,32.625,53,96.875,85.25,19910830
1991.70833,-0.066038,0.02298851,0.06967742,0.04398827,-0.010975,-0.019144,33.375,49.5,103.625,89,19910930
1991.79167,0.040404,-0.2546816,-0.0518697,0.05477528,0.017789,0.01186,24.875,51.5,98.25,93.875,19911031
1991.875,-0.012233,-0.0552764,-0.0462087,0.03595207,-0.037275,-0.043928,23.5,50.75,92.5,97.25,19911129
1991.95833,0.110837,0.09042553,-0.0378378,0.14395887,0.106778,0.111588,25.625,56.375,89,111.25,19911231
1992.04167,0.148559,0.24390244,0.01123596,0.08089887,-0.001182,-0.0199,31.875,64.75,90,120.25,19920131
1992.125,0.044324,0.09411765,-0.0212778,0.02702703,0.013354,0.009565,34.875,67.5,86.875,123.5,19920228
1992.20833,-0.137037,0.04301075,-0.0388489,-0.0404858,-0.0237,-0.021832,36.375,58.25,83.5,118.5,19920331
1992.29167,0.032189,0.08247422,0.08682635,-0.0696203,0.013419,0.027893,26.25,60.125,90.75,110.25,19920430
1992.375,-0.006237,0.02380952,0.01333333,0.09750567,0.006439,0.000964,26.875,59.75,90.75,121,19920529
1992.45833,-0.194644,-0.3255814,0.0785124,-0.1322314,-0.019287,-0.017359,18.125,48,97.875,70,19920630
1992.54167,-0.026042,0.26896551,-0.0319285,0.03928572,0.0399,0.039374,23,46.75,94.75,72.75,19920731
1992.625,-0.013476,0.09782609,-0.0729815,0.02405498,-0.02082,-0.023998,25.25,46,86.625,74.5,19920831
1992.70833,-0.019022,0.13366337,-0.0678211,0.08053691,0.012447,0.009106,28.625,45.125,80.75,80.5,19920930
1992.79167,0.163435,0.19213974,-0.1718266,0.10248447,0.010986,0.002106,34.125,52.5,66.875,88.75,19921030
1992.875,0.097524,0.07692308,0.0386542,0.04929578,0.040193,0.030262,36.75,57.5,68.25,93.125,19921130
1992.95833,0.03913,0.30612245,-0.2619048,-0.0832215,0.017768,0.010108,48,59.75,50.375,85.375,19921231
1993.04167,-0.004184,-0.0364583,0.02233251,0.01317716,0.012643,0.007046,46.25,59.5,51.5,86.5,19930129
1993.125,-0.107227,-0.3054054,0.06631068,-0.0361272,0.005402,0.010484,32.125,53,54.375,83.375,19930226
1993.20833,-0.028302,0.09338521,-0.0643678,0.10944527,0.025116,0.018697,35.125,51.5,50.875,92.5,19930331
1993.29167,-0.004854,-0.1743772,-0.044226,-0.0756757,-0.0254,-0.025417,29,51.25,48.625,85.5,19930430
1993.375,0.10722,-0.1637931,0.0959383,0.08333334,0.029598,0.022717,24.25,56.625,52.75,92.625,19930528
1993.45833,-0.302428,-0.2268041,-0.063981,-0.0499325,0.00544,0.000755,18.75,39.5,49.375,88,19930630
1993.54167,-0.297468,0.07333333,-0.0987342,-0.1590909,-0.000795,-0.005327,20.125,27.75,44.5,74,19930730
1993.625,-0.040721,-0.0869565,0.03370786,0.0152027,0.039479,0.034432,18.375,26.5,45.75,75.125,19930831
1993.70833,-0.117925,-0.0952381,-0.0819672,0.09816971,0.000641,-0.009988,16.625,23.375,42,82.5,19930930
1993.79167,0.315508,0.21804512,0.0952381,-0.0287879,0.018064,0.019393,20.25,30.75,46,80.125,19931029
1993.875,0.028293,0.33950618,0.17663044,-0.0015601,-0.017606,-0.012911,27.125,31.5,53.875,80,19931130
1993.95833,-0.071429,-0.1658986,0.0487239,0.0078125,0.019513,0.010091,22.625,29.25,56.5,80.625,19931231
1994.04167,0.119658,-0.0276243,0,0.05581395,0.031466,0.032501,22,32.75,56.5,85.125,19940131
1994.125,0.118168,0.13636364,-0.0597345,-0.030837,-0.024224,-0.030045,25,36.5,52.875,82.5,19940228
1994.20833,-0.089041,0.01,0.03309693,0.02727273,-0.045795,-0.045746,25.25,33.25,54.625,84.75,19940331
1994.29167,-0.097744,-0.1287129,0.05263158,0.09144543,0.009478,0.011531,22,30,57.5,92.5,19940429
1994.375,-0.021,0.30113637,0.1,0.16216215,0.00936,0.012419,28.625,29.25,63,53.75,19940531
1994.45833,-0.094017,-0.0786026,-0.0674603,-0.0395349,-0.027909,-0.026812,26.375,26.5,58.75,51.625,19940630
1994.54167,0.271226,0.06161137,0.05319149,-0.0024213,0.030633,0.031467,28,33.6875,61.875,51.5,19940729
1994.625,0.077774,0.16071428,0.11111111,0.12864077,0.042597,0.037643,32.5,36.1875,68.5,58.125,19940831
1994.70833,-0.069085,0.15192308,0.01642336,-0.0344086,-0.018363,-0.026898,37.4375,33.6875,69.625,56.125,19940930
1994.79167,0.282004,0.18864775,0.07001796,0.12249443,0.01452,0.020834,44.5,43.1875,74.5,63,19941031
1994.875,-0.134703,-0.0323034,-0.0469799,-0.0019841,-0.037219,-0.039505,43.0625,37.25,70.75,62.875,19941130
1994.95833,0.04698,-0.0478955,0.03886926,-0.027833,0.012609,0.012299,41,39,73.5,61.125,19941230
1995.04167,0.035256,0.03963415,-0.0187075,-0.0286299,0.020399,0.024278,42.625,40.375,72.125,59.375,19950131
1995.125,-0.0187,-0.026393,0.04679376,0.06105263,0.039615,0.036074,41.5,39.5,75.25,63,19950228
1995.20833,-0.107595,0.05421687,0.09136213,0.12896825,0.027041,0.027329,43.75,35.25,82.125,71.125,19950331
1995.29167,0.085106,0.25142857,0.152207,0.14938489,0.025048,0.02796,54.75,38.25,94.625,81.75,19950428
1995.375,0.089739,-0.0799087,-0.014531,0.03593272,0.034007,0.036312,50.375,41.5625,93,84.6875,19950531
1995.45833,0.117293,0.19354838,0.03225806,0.06715867,0.031173,0.021279,60.125,46.4375,96,90.375,19950630
1995.54167,-0.030956,0.08108108,0.13411458,0.00138313,0.040783,0.031776,65,45,108.875,90.5,19950731
1995.625,-0.041778,0.18461539,-0.0482204,0.02209945,0.009305,-0.00032,77,43,103.375,92.5,19950831
1995.70833,-0.133721,0.1038961,-0.0858525,-0.0216216,0.036362,0.040098,85,37.25,94.5,90.5,19950929
1995.79167,-0.025168,0.09705883,0.02910053,0.10497238,-0.011317,-0.004979,46.625,36.3125,97.25,100,19951031
1995.875,0.053219,-0.0509383,-0.003856,-0.12875,0.042708,0.041049,44.25,38.125,96.625,87.125,19951130
1995.95833,-0.163934,-0.2175141,-0.0543338,0.0071736,0.015191,0.017444,34.625,31.875,91.375,87.75,19951229
1996.04167,-0.133333,-0.2093863,0.1874145,0.05413105,0.028144,0.032617,27.375,27.625,108.5,92.5,19960131
1996.125,-0.004525,0.25570777,0.13248847,0.06689189,0.01631,0.006934,34.375,27.5,122.625,98.6875,19960229
1996.20833,-0.106818,-0.0254545,-0.0927625,0.04496517,0.010927,0.007917,33.5,24.5625,111.25,103.125,19960329
1996.29167,-0.007634,0.36940297,-0.0314607,0.09818182,0.025511,0.013431,45.875,24.375,107.75,113.25,19960430
1996.375,0.071795,0.20708446,-0.0060325,0.04856512,0.0268,0.022853,55.375,26.125,106.75,118.75,19960531
1996.45833,-0.196172,-0.0812641,-0.0725995,0.01157895,-0.008298,0.002257,50.875,21,99,120.125,19960628
1996.54167,0.047619,0.09090909,0.08585858,-0.0187305,-0.053819,-0.045748,55.5,22,107.5,117.875,19960731
1996.625,0.102273,0.20945945,0.0672093,0.03923648,0.032463,0.018814,67.125,24.25,114.375,122.5,19960830
1996.70833,-0.085052,0.15828678,0.08852459,0.07653061,0.053015,0.054173,77.75,22.1875,124.5,131.875,19960930
1996.79167,0.03662,0.04662379,0.03614458,0.04075829,0.013632,0.026131,81.375,23,129,137.25,19961031
1996.875,0.048913,0.24884793,0.2381783,0.14298725,0.065502,0.073376,101.625,24.125,159.375,156.875,19961129
1996.95833,-0.134715,0.04551046,-0.0494118,0.05338645,-0.011358,-0.021505,53.125,20.875,151.5,82.625,19961231
1997.04167,-0.203593,0.24470589,0.03547855,0.2344932,0.053449,0.061317,66.125,16.625,156.875,102,19970131
1997.125,-0.022556,0.07561437,-0.0814343,-0.0441176,-0.001144,0.005928,71.125,16.25,143.75,97.5,19970228
1997.20833,0.123077,-0.0492091,-0.0452174,-0.0596154,-0.04482,-0.042614,67.625,18.25,137.25,91.6875,19970331
1997.29167,-0.068493,0.23752311,0.1693989,0.32515338,0.042303,0.058406,83.6875,17,160.5,121.5,19970430
1997.375,-0.022059,0.34428677,0.08037383,0.02057613,0.071624,0.058577,112.5,16.625,86.5,124,19970530
1997.45833,-0.142857,0.04388889,0.0433526,0.01915323,0.044145,0.043453,117.4375,14.25,90.25,126.375,19970630
1997.54167,0.22807,0.45609367,0.17174515,0.11968348,0.076502,0.078123,85.5,17.5,105.75,141.5,19970731
1997.625,0.242857,-0.0402047,-0.0394799,-0.0658127,-0.036267,-0.057446,82.0625,21.75,101.375,132.1875,19970829
1997.70833,-0.002874,0.18050267,0.04562269,0.00094563,0.058433,0.053154,96.875,21.6875,106,132.3125,19970930
1997.79167,-0.214697,-0.1729032,-0.0707547,-0.0174776,-0.034528,-0.034478,80.125,17.03125,98.5,130,19971031
1997.875,0.042202,0.05070203,0.11370558,0.08846154,0.030459,0.044587,84.1875,17.75,109.5,141.5,19971128
1997.95833,-0.260563,-0.0022272,-0.0445205,-0.0865724,0.017772,0.015732,84,13.125,104.625,129.25,19971231
1998.04167,0.395238,0.18377976,-0.0561529,0.15425532,0.004529,0.01015,99.4375,18.3125,98.75,149.1875,19980130
1998.125,0.290102,0.40666246,0.05962025,0.13615417,0.07323,0.070449,139.875,23.625,104.4375,84.75,19980227
1998.20833,0.164021,-0.0312779,-0.005386,0.0560472,0.051324,0.049946,67.75,27.5,103.875,89.5,19980331
1998.29167,-0.004545,0.19188192,0.11552347,0.00698324,0.010862,0.009076,80.75,27.375,115.875,90.125,19980430
1998.375,-0.027397,0.02051084,0.01592233,-0.0589459,-0.025755,-0.018826,82.40625,26.625,117.5,84.8125,19980529
1998.45833,0.077465,0.12627986,-0.0228723,0.27781871,0.031955,0.039438,92.8125,28.6875,114.8125,108.375,19980630
1998.54167,0.206972,0.17003366,0.15405552,0.01441753,-0.023264,-0.011615,108.59375,34.625,132.5,109.9375,19980731
1998.625,-0.099278,-0.0791367,-0.1483396,-0.1273451,-0.157666,-0.145797,100,31.1875,112.625,95.9375,19980831
1998.70833,0.222445,0.315,0.14095449,0.14723127,0.063835,0.062396,65.75,38.125,128.5,110.0625,19980930
1998.79167,-0.02623,-0.0038023,0.15564202,-0.0380466,0.074357,0.080294,65.5,37.125,148.5,105.875,19981030
1998.875,-0.139731,-0.0715649,0.11343434,0.15230225,0.061985,0.059126,60.8125,31.9375,165.125,122,19981130
1998.95833,0.2818,0.20349434,0.11657835,0.13678278,0.063054,0.056375,73.1875,40.9375,184.375,138.6875,19981231
1999.04167,0.006107,0.36635354,-0.0061017,0.26182964,0.038345,0.041009,100,41.1875,183.25,175,19990129
1999.125,-0.15478,-0.19875,-0.0724693,-0.1421429,-0.038105,-0.032283,80.125,34.8125,169.75,150.125,19990226
1999.20833,0.032316,0.02028081,0.04418262,0.194005,0.037861,0.038794,40.875,35.9375,177.25,89.625,19990331
1999.29167,0.28,0.00764526,0.18018335,-0.0927476,0.049,0.037944,41.1875,46,209.1875,81.3125,19990430
1999.375,-0.04212,-0.1638847,0.11020018,-0.0076864,-0.020721,-0.02497,34.4375,44.0625,116,80.6875,19990528
1999.45833,0.051064,0.07441016,0.11422414,0.11773819,0.051021,0.054438,37,46.3125,129.25,90.1875,19990630
1999.54167,0.202429,0.10472973,-0.0275629,-0.04851,-0.030635,-0.032046,40.875,55.6875,125.6875,85.8125,19990730
1999.625,0.171717,0.19418961,-0.007996,0.07865987,-0.009985,-0.006254,48.8125,65.25,124.5625,92.5625,19990831
1999.70833,-0.029693,-0.1434059,-0.0286001,-0.021607,-0.022868,-0.028552,41.8125,63.3125,121,90.5625,19990930
1999.79167,0.265548,-0.0403587,-0.1880165,0.0220842,0.062049,0.062539,40.125,80.125,98.25,92.5625,19991029
1999.875,0.221529,0.07165109,0.05020356,-0.0163741,0.036814,0.019062,43,97.875,103.0625,91.046875,19991130
1999.95833,0.050447,0.18604651,0.04669497,0.28230649,0.083721,0.057844,51,102.8125,107.875,116.75,19991231
2000.04167,0.009119,-0.2463235,0.0405562,-0.1616702,-0.039588,-0.050904,38.4375,103.75,112.25,97.875,20000131
2000.125,0.104819,0.06178862,-0.0835635,-0.0868455,0.031844,-0.020108,40.8125,114.625,102.75,89.375,20000229
2000.20833,0.184842,0.32159266,0.14841849,0.18881118,0.053523,0.09672,53.9375,135.8125,118,106.25,20000331
2000.29167,-0.086516,-0.0706837,-0.0550847,-0.3435294,-0.059466,-0.030796,50.125,124.0625,111.5,69.75,20000428
2000.375,-0.322922,-0.1396509,-0.0358296,-0.1030466,-0.039047,-0.021915,43.125,84,107.375,62.5625,20000531
2000.45833,0.247024,0.14347826,0.02037253,0.27872127,0.05164,0.023934,49.3125,52.375,109.5625,80,20000630
2000.54167,-0.029833,-0.1089987,0.02624073,-0.1273437,-0.017106,-0.016341,43.9375,50.8125,112.4375,69.8125,20000731
2000.625,0.199262,-0.0071124,0.17514175,0,0.075811,0.060699,43.625,60.9375,132,69.8125,20000831
2000.70833,-0.577436,-0.2936963,-0.1477273,-0.1360788,-0.051138,-0.053483,30.8125,25.75,112.5,60.3125,20000929
2000.79167,-0.240291,-0.0425963,-0.1244444,0.14196891,-0.024557,-0.004949,29.5,19.5625,98.5,68.875,20001031
2000.875,-0.15655,-0.3474576,-0.0494416,-0.1669692,-0.102534,-0.080069,19.25,16.5,93.5,57.375,20001130
2000.95833,-0.098485,-0.0941558,-0.0909091,-0.2440087,0.020299,0.004053,17.4375,14.875,85,43.375,20001229
2001.04167,0.453782,0.498208,0.317647,0.407781,0.039524,0.034637,26.125,21.625,112,61.0625,20010131
2001.125,-0.156069,-0.162679,-0.106875,-0.033777,-0.099267,-0.092291,21.875,18.25,99.9,59,20010228
2001.20833,0.209315,0.174286,-0.037237,-0.073093,-0.070286,-0.064205,25.6875,22.07,96.18,54.6875,20010330
2001.29167,0.154961,0.021509,0.19713,0.238857,0.083911,0.076814,26.24,25.49,115.14,67.75,20010430
2001.375,-0.21734,-0.071646,-0.027792,0.021107,0.010566,0.00509,24.36,19.95,111.8,69.18,20010531
2001.45833,0.165413,0.073481,0.010733,0.055218,-0.017474,-0.025004,26.15,23.25,113,73,20010629
2001.54167,-0.191828,0.029828,-0.068938,-0.093288,-0.018316,-0.010772,26.93,18.79,105.21,66.19,20010731
2001.625,-0.012773,-0.20609,-0.048665,-0.138087,-0.059095,-0.064108,21.38,18.55,99.95,57.05,20010831
2001.70833,-0.163881,-0.133302,-0.082341,-0.103068,-0.091543,-0.081723,18.53,15.51,91.72,51.17,20010928
2001.79167,0.132173,0.294118,0.17826,0.136408,0.02797,0.018099,23.98,17.56,108.07,58.15,20011031
2001.875,0.212984,0.164721,0.07088,0.104213,0.078735,0.075176,27.93,21.3,115.59,64.21,20011130
2001.95833,0.028169,-0.026853,0.046457,0.031771,0.017844,0.007574,27.18,21.9,120.96,66.25,20011231
2002.04167,0.128767,0.011405,-0.108052,-0.03834,-0.016045,-0.015574,27.49,24.72,107.89,63.71,20020131
2002.125,-0.122168,-0.101855,-0.089258,-0.084288,-0.021713,-0.020766,24.69,21.7,98.12,58.34,20020228
2002.20833,0.090783,0.057513,0.059927,0.033768,0.044688,0.036739,26.11,23.67,104,60.31,20020328
2002.29167,0.025349,0.008809,-0.194615,-0.133477,-0.049654,-0.061418,26.34,24.27,83.76,52.26,20020430
2002.375,-0.039967,0.019362,-0.037727,-0.025832,-0.010478,-0.009081,26.85,23.3,80.45,50.91,20020531
2002.45833,-0.239485,-0.026443,-0.105034,0.074445,-0.070251,-0.072465,26.14,17.72,72,54.7,20020628
2002.54167,-0.138826,-0.046289,-0.022222,-0.122852,-0.081135,-0.078995,24.93,15.26,70.4,47.98,20020731
2002.625,-0.033421,0.06779,0.072869,0.022926,0.007965,0.004881,26.62,14.75,75.38,49.08,20020830
2002.70833,-0.016949,-0.116829,-0.226453,-0.108802,-0.099965,-0.110013,23.51,14.5,58.31,43.74,20020930
2002.79167,0.108276,0.216929,0.353799,0.222451,0.074926,0.086436,28.61,16.07,78.94,53.47,20021031
2002.875,-0.03547,-0.00035,0.10299,0.078736,0.061275,0.05707,28.6,15.5,86.92,57.68,20021129
2002.95833,-0.075484,-0.065035,-0.108375,-0.103675,-0.053316,-0.060333,26.74,14.33,77.5,51.7,20021231
2003.04167,0.002093,-0.107704,0.009032,-0.082012,-0.023392,-0.027415,23.86,14.36,78.2,47.46,20030131
2003.125,0.045265,0.129924,-0.001279,0.002107,-0.01539,-0.017004,26.96,15.01,77.95,23.7,20030228
2003.20833,-0.057961,0.012982,0.006158,0.021519,0.010325,0.008358,27.31,14.14,78.43,24.21,20030331
2003.29167,0.005658,0.06115,0.082494,0.055762,0.082762,0.081044,28.98,14.22,84.9,25.56,20030430
2003.375,0.262307,0.082471,0.038869,-0.037167,0.063471,0.050899,31.37,17.95,88.04,24.61,20030530
2003.45833,0.061838,0.014982,-0.062926,0.041853,0.016335,0.011322,31.84,19.06,82.5,25.64,20030630
2003.54167,0.105981,0.057789,-0.015152,0.030031,0.023112,0.016224,33.68,21.08,81.25,26.41,20030731
2003.625,0.072581,-0.031473,0.011323,0.004165,0.024966,0.017873,32.62,22.61,82.01,26.52,20030829
2003.70833,-0.083591,0.024525,0.077064,0.048265,-0.009112,-0.011944,33.42,20.72,88.33,27.8,20030930
2003.79167,0.10473,0.077199,0.013019,-0.053957,0.060318,0.054962,36,22.89,89.48,26.14,20031031
2003.875,-0.086501,-0.039722,0.013634,-0.01645,0.016594,0.007129,34.57,20.91,90.54,25.71,20031128
2003.95833,0.021999,-0.017067,0.023636,0.064566,0.045528,0.050765,33.98,21.37,92.68,27.37,20031231
2004.04167,0.055685,-0.015892,0.070673,0.01023,0.023048,0.017276,33.44,22.56,99.23,27.65,20040130
2004.125,0.060284,-0.023624,-0.025899,-0.040506,0.015459,0.012209,32.65,23.92,96.5,26.53,20040227
2004.20833,0.130435,0.029709,-0.04829,-0.060309,-0.010694,-0.016359,33.62,27.04,91.84,24.93,20040331
2004.29167,-0.046598,0.034503,-0.039961,0.048135,-0.024231,-0.016791,34.78,25.78,88.17,26.13,20040430
2004.375,0.088441,0.013226,0.006805,0.003827,0.014125,0.012083,35.24,28.06,88.59,26.23,20040528
2004.45833,0.159658,0.016459,-0.004967,0.08883,0.021582,0.017989,35.82,32.54,88.15,28.56,20040630
2004.54167,-0.006146,-0.009771,-0.012252,-0.002451,-0.037667,-0.034291,35.47,32.34,87.07,28.49,20040730
2004.625,0.066481,-0.017762,-0.025267,-0.038961,0.002713,0.002287,34.84,34.49,84.69,27.3,20040831
2004.70833,0.123514,0.021814,0.012398,0.012821,0.020546,0.009364,35.6,38.75,85.74,27.65,20040930
2004.79167,0.352258,-0.015168,0.046769,0.011573,0.017805,0.014014,35.06,52.4,89.75,27.97,20041029
2004.875,0.27958,0.155733,0.052033,0.068645,0.04821,0.038595,40.52,67.05,94.24,26.81,20041130
2004.95833,-0.039523,0.03998,0.046053,-0.003357,0.035179,0.032458,42.14,64.4,98.58,26.72,20041231
2005.04167,0.194099,-0.009018,-0.052343,-0.016467,-0.026556,-0.02529,41.76,76.9,93.42,26.28,20050131
2005.125,0.16671,-0.03999,-0.007065,-0.039574,0.022672,0.018903,40.09,44.86,92.58,25.16,20050228
2005.20833,-0.07111,-0.041656,-0.012962,-0.039348,-0.016935,-0.019118,38.42,41.67,91.38,24.17,20050331
2005.29167,-0.134629,-0.093441,-0.16415,0.046752,-0.025186,-0.020109,34.83,36.06,76.38,25.3,20050429
2005.375,0.102587,0.146425,-0.008248,0.022925,0.037955,0.029952,39.93,39.7593,75.55,25.8,20050531
2005.45833,-0.074179,-0.011771,-0.017869,-0.037209,0.011534,-0.000143,39.46,36.81,74.2,24.84,20050630
2005.54167,0.158653,0.025596,0.124798,0.030998,0.043327,0.035968,40.47,42.65,83.46,25.61,20050729
2005.625,0.099414,-0.120336,-0.031632,0.072237,-0.005946,-0.011222,35.6,46.89,80.62,27.38,20050831
2005.70833,0.143314,-0.039326,-0.004962,-0.060263,0.010565,0.006949,34.2,53.61,80.22,25.73,20050930
2005.79167,0.07424,-0.067836,0.020693,-0.001166,-0.020801,-0.017741,31.88,57.59,81.88,25.7,20051031
2005.875,0.177635,-0.054235,0.088178,0.080156,0.040385,0.035186,30.151,67.82,88.9,27.68,20051130
2005.95833,0.060012,-0.006666,-0.075366,-0.055275,0.003455,-0.000952,29.95,71.89,82.2,26.15,20051230
2006.04167,0.050355,-0.021369,-0.010949,0.076482,0.040033,0.025467,29.31,75.51,81.3,28.15,20060131
2006.125,-0.092968,-0.010577,-0.010578,-0.042273,-0.00164,0.000453,29,68.49,80.24,26.87,20060228
2006.20833,-0.084246,0.026207,0.027792,0.012653,0.019055,0.011065,29.76,62.72,82.47,27.21,20060331
2006.29167,0.12229,-0.119624,-0.001576,-0.112459,0.012962,0.012187,26.2,70.39,82.34,24.15,20060428
2006.375,-0.150874,-0.031298,-0.02599,-0.058385,-0.031048,-0.030917,25.38,59.77,79.9,22.65,20060531
2006.45833,-0.041827,-0.036249,-0.038548,0.028698,-0.000408,0.000087,24.46,57.27,76.82,23.3,20060630
2006.54167,0.18666,-0.113655,0.00768,0.032618,-0.001904,0.005086,21.68,67.96,77.41,24.06,20060731
2006.625,-0.001619,0.040129,0.049864,0.071904,0.025061,0.021274,22.55,67.85,80.97,25.7,20060831
2006.70833,0.134562,0.01286,0.01198,0.064202,0.019424,0.024566,22.84,76.98,81.94,27.35,20060929
2006.79167,0.053261,0.065236,0.1268,0.049726,0.037126,0.031508,24.33,81.08,92.33,28.71,20061031
2006.875,0.130488,0.119605,-0.001191,0.026123,0.023705,0.016467,27.24,91.66,91.92,29.36,20061130
2006.95833,-0.074405,-0.078928,0.056897,0.01703,0.010833,0.012616,25.09,84.84,97.15,29.86,20061229
2007.04167,0.01049,-0.034675,0.020587,0.03349,0.019428,0.014059,24.22,85.73,99.15,30.86,20070131
2007.125,-0.013064,-0.056565,-0.059607,-0.083927,-0.013957,-0.021846,22.85,84.61,92.94,28.17,20070228
2007.20833,0.098097,0.015755,0.014203,-0.01065,0.012949,0.00998,23.21,92.91,94.26,27.87,20070331
2007.29167,0.074158,0.08617,0.084341,0.074273,0.039821,0.043291,25.21,99.8,102.21,29.94,20070428
2007.375,0.214339,0.067473,0.046864,0.028393,0.038932,0.032549,26.911,121.191,106.6,30.6901,20070531
2007.45833,0.007005,0.060904,-0.012664,-0.039756,-0.014756,-0.017816,28.55,122.04,105.25,29.47,20070630
2007.54167,0.079646,-0.020315,0.051306,-0.016288,-0.031756,-0.031982,27.97,131.75999,110.65,28.99,20070731
2007.625,0.051002,0.010011,0.058202,-0.005519,0.011656,0.012864,28.25,138.48,116.69,28.73,20070831
2007.70833,0.108247,-0.023009,0.009512,0.025409,0.04086,0.035794,27.6,153.47,117.8,29.46,20070929
2007.79167,0.237701,0.108696,-0.014261,0.249491,0.025835,0.014822,30.6,189.95,116.12,36.81,20071031
2007.875,-0.040695,-0.198039,-0.090768,-0.084216,-0.049222,-0.044043,24.54,182.22,105.18,33.6,20071130
2007.95833,0.087038,-0.001223,0.027762,0.059524,-0.004419,-0.008628,24.51,198.08,108.1,35.6,20071229
2008.04167,-0.31664,-0.182375,-0.009158,-0.08427,-0.062151,-0.061163,20.04,135.36,107.11,32.6,20080131
2008.125,-0.076389,-0.006981,0.066754,-0.162273,-0.021653,-0.034761,19.9001,125.02,113.86,27.1999,20080228
2008.20833,0.147816,0.001,0.011242,0.043386,-0.01048,-0.00596,19.92,143.5,115.14,28.38,20080331
2008.29167,0.212195,-0.064759,0.048289,0.004933,0.051096,0.047547,18.63,173.95,120.7,28.52,20080428
2008.375,0.085082,0.237789,0.076471,-0.003156,0.023838,0.010674,23.06,188.75,129.42999,28.32,20080531
2008.45833,-0.112901,-0.051171,-0.084215,-0.028602,-0.078449,-0.085962,21.88,167.44,118.53,27.51,20080630
2008.54167,-0.050705,0.122943,0.079727,-0.065067,-0.013325,-0.009859,24.57,158.95,127.98,25.72,20080731
2008.625,0.066562,-0.115588,-0.044929,0.065319,0.010572,0.012191,21.73,169.53,121.73,27.29,20080831
2008.70833,-0.329558,-0.241601,-0.039185,-0.021986,-0.097996,-0.090791,16.48,113.66,116.96,26.69,20080929
2008.79167,-0.053405,-0.259709,-0.205113,-0.163357,-0.184587,-0.169425,12.2,107.59,92.97,22.33,20081031
2008.875,-0.138675,-0.084426,-0.116919,-0.08867,-0.084613,-0.074849,11.17,92.67,81.6,20.22,20081130
2008.95833,-0.07899,-0.083259,0.031373,-0.038576,0.022149,0.007822,10.24,85.35,84.16,19.44,20081229
2009.04167,0.056005,-0.072266,0.088997,-0.12037,-0.077329,-0.085657,9.5,90.13,91.65,17.1,20090131
2009.125,-0.009098,-0.102105,0.009602,-0.047953,-0.100184,-0.109931,8.53,89.31,92.03,16.15,20090228
2009.20833,0.177024,0.111372,0.052809,0.137461,0.086688,0.085405,9.48,105.12,96.89,18.37,20090331
2009.29167,0.197013,0.225738,0.065229,0.102885,0.109347,0.093925,11.62,125.83,103.21,20.26,20090428
2009.375,0.079313,-0.004303,0.035074,0.037512,0.067784,0.053081,11.57,135.81,106.28,20.89,20090531
2009.45833,0.048745,0.18669,-0.017501,0.137865,-0.0031,0.000196,13.73,142.42999,104.42,23.77,20090630
2009.54167,0.14716,-0.025492,0.129381,-0.010517,0.081715,0.074142,13.38,163.39,117.93,23.52,20090731
2009.625,0.0295,0.183109,0.005681,0.053571,0.031462,0.03356,15.83,168.21001,118.05,24.65,20090831
2009.70833,0.101896,-0.036008,0.013215,0.043408,0.045237,0.035723,15.26,185.35001,119.61,25.72,20090929
2009.79167,0.016995,-0.05308,0.008361,0.078149,-0.028004,-0.019762,14.45,188.5,120.61,27.73,20091031
2009.875,0.060531,-0.022837,0.052152,0.065272,0.057093,0.057364,14.12,199.91,126.35,29.41,20091130
2009.95833,0.054134,0.016997,0.036011,0.036382,0.028413,0.017771,14.36,210.73199,130.89999,30.48,20091229
2010.04167,-0.088591,-0.101671,-0.065011,-0.075459,-0.037093,-0.036974,12.9,192.063,122.39,28.18,20100131
2010.125,0.06538,0.026357,0.043468,0.022001,0.034776,0.028514,13.24,204.62,127.16,28.67,20100228
2010.20833,0.14847,0.134441,0.008572,0.021538,0.0636,0.058796,15.02,235,128.25,29.2875,20100331
2010.29167,0.111021,0.078562,0.005848,0.042595,0.020015,0.014759,16.2,261.09,129,30.535,20100428
2010.375,-0.016125,-0.177161,-0.023953,-0.150811,-0.079133,-0.081976,13.33,256.88,125.26,25.8,20100531
2010.45833,-0.020827,-0.095274,-0.01421,-0.10814,-0.050721,-0.053882,12.06,251.53,123.48,23.01,20100630
2010.54167,0.022741,0.097844,0.039844,0.121686,0.071541,0.068778,13.24,257.25,128.39999,25.81,20100731
2010.625,-0.055005,-0.111027,-0.035981,-0.085819,-0.042812,-0.047449,11.77,243.10001,123.13,23.465,20100831
2010.70833,0.167215,0.101954,0.089418,0.043682,0.091514,0.087551,12.97,283.75,134.14,24.49,20100929
2010.79167,0.060723,0.109869,0.070523,0.088812,0.038534,0.036856,14.395,300.98001,143.60001,26.665,20101031
2010.875,0.03379,-0.081626,-0.010376,-0.046784,0.005168,-0.00229,13.22,311.14999,141.46001,25.2575,20101130
2010.95833,0.03667,0.024962,0.037466,0.105018,0.067131,0.0653,13.55,322.56,146.75999,27.91,20101229
2011.04167,0.051959,-0.028782,0.103843,-0.006628,0.019155,0.022646,13.16,339.32001,162,27.725,20110131
2011.125,0.040935,0.202888,0.003272,-0.035528,0.038158,0.031957,15.83,353.20999,161.88,26.58,20110228
2011.20833,-0.013314,-0.083386,0.007351,-0.044771,0.003376,-0.001047,14.51,348.50751,163.07001,25.39,20110331
2011.29167,0.004656,0.066161,0.046054,0.020874,0.028683,0.028495,15.47,350.13,170.58,25.92,20110428
2011.375,-0.006569,0.039431,-0.005276,-0.028935,-0.014934,-0.013501,16.08,347.82999,168.92999,25.01,20110531
2011.45833,-0.03496,0.036692,0.015509,0.039584,-0.018391,-0.018258,16.67,335.67001,171.55,26,20110630
2011.54167,0.163285,-0.025795,0.060041,0.053846,-0.022448,-0.021474,16.24,390.48001,181.85001,27.4,20110731
2011.625,-0.014469,-0.084667,-0.050536,-0.023358,-0.05747,-0.056791,14.865,384.82999,171.91,26.6,20110831
2011.70833,-0.009121,-0.048772,0.017218,-0.064286,-0.084872,-0.071762,14.14,381.32001,174.87,24.89,20110929
